x,y,__Title__
230.37816242869647,141.27040594499005,Point #0
281.26431805783244,127.4195648934264,Point #1
157.53056648222952,158.89025235521927,Point #2
107.35405726001136,175.95825976321908,Point #3
148.11864054226945,161.8091484654421,Point #4
248.7746579568497,38.54228597020909,Point #5
84.61791721669938,92.92049451148358,Point #6
150.15942676472315,204.9133903095133,Point #7
145.500391244503,147.4057851783843,Point #8
246.40106763583347,43.354862711828105,Point #9
223.22893029891617,160.01772772018478,Point #10
198.58000001044056,23.48626723883831,Point #11
223.140569746713,145.42273330271968,Point #12
141.6597701031347,152.991808740777,Point #13
158.79132952614563,28.93048261992749,Point #14
84.82443855898427,105.5695208584636,Point #15
166.5073789033792,162.67971675433512,Point #16
219.5676482673529,203.00778838804283,Point #17
92.59295383933612,83.24325405044232,Point #18
89.1602090682227,98.6177263882081,Point #19
161.37089695013844,219.7580306599719,Point #20
99.68473499388271,160.38458536552338,Point #21
160.76656963544858,19.16335448070754,Point #22
88.24512929310345,146.7474196371897,Point #23
145.869363293195,166.28107403948252,Point #24
149.19424470259483,153.83978901293852,Point #25
86.84768343092837,88.1571475563452,Point #26
176.82830305687875,27.72590165843428,Point #27
85.11358111758861,109.65243767554392,Point #28
187.65111168339456,19.748069929030407,Point #29
172.65462730320135,18.199931499941897,Point #30
137.85123456063363,30.314004396316648,Point #31
85.24357999362701,87.66163360934502,Point #32
156.1747343065779,203.4767967206004,Point #33
179.91907993327533,68.95695057476019,Point #34
197.6777148133956,75.28152225260226,Point #35
261.63631055722874,54.39125877370958,Point #36
151.42925398511483,165.14505731591908,Point #37
110.81104369045262,51.68019112614411,Point #38
267.86785133999825,178.00659991290718,Point #39
102.89966637576256,179.84592162431818,Point #40
109.60501811972556,177.3186034690748,Point #41
159.5561712163328,137.00913906575423,Point #42
264.9839293898875,53.495380918276624,Point #43
100.79719894945237,158.852177278954,Point #44
188.644934177597,77.36309858718681,Point #45
286.26578746078013,78.51899718014482,Point #46
152.71522750482606,75.30784423055871,Point #47
240.5455696847244,200.2021295674741,Point #48
109.51688349339229,50.44679128021522,Point #49
159.2685281449021,205.8895996393149,Point #50
156.7822354598796,206.5247400797008,Point #51
218.3204068412279,80.2232716665427,Point #52
152.16694217099118,141.46385485033488,Point #53
101.28886633039411,167.7529819098915,Point #54
144.97340762696192,76.78281669862719,Point #55
97.1328471696892,151.61526830598922,Point #56
94.76056026683705,143.95860425674925,Point #57
149.30039010340764,144.859787005054,Point #58
101.3701829681834,56.95954840903983,Point #59
147.89339712718848,203.29057394119403,Point #60
146.04352462448728,206.77962837999627,Point #61
272.7858037685588,166.93596401042623,Point #62
281.8761978711069,100.5869267128436,Point #63
142.790073912125,209.2160066251651,Point #64
133.41142448719913,30.07944161321768,Point #65
157.5900137559615,31.861914246371384,Point #66
102.90792950440066,189.1498743198502,Point #67
181.1825484396421,27.38155071272479,Point #68
229.429197706494,28.454400614962992,Point #69
214.26084601614664,153.0112564661814,Point #70
141.2528824098614,142.5860581886392,Point #71
136.69798920642185,197.66304299551257,Point #72
99.90961080292804,151.84392720455423,Point #73
213.13187231410697,143.76174948175537,Point #74
216.95972528200952,145.51555500113312,Point #75
212.0696373448075,206.564289329627,Point #76
166.61061491819115,80.18367780698532,Point #77
143.38575012599284,93.41944583952392,Point #78
225.8437441261298,136.0784553990011,Point #79
230.12074666780683,83.86242502628278,Point #80
196.0096881746343,213.1576693441725,Point #81
148.0637300768065,131.95886508191495,Point #82
144.0676952830189,201.84693802028107,Point #83
188.98654726178367,73.76842957079799,Point #84
108.94834935097003,176.7489877171318,Point #85
225.25082717733287,155.13595068737237,Point #86
164.58318814320268,72.71462210054239,Point #87
283.5255012391863,150.6529152293544,Point #88
156.46387936730463,215.27201710460992,Point #89
158.37465639797432,157.99431952357378,Point #90
188.8411682414692,64.92753761043758,Point #91
174.00402234546837,77.52082594123402,Point #92
154.6975630521127,20.001187601982224,Point #93
255.9769039562597,193.27023287940784,Point #94
131.56510554883533,199.47246352371903,Point #95
155.37284212870563,73.333138172595,Point #96
155.07005881134037,134.65286525818198,Point #97
167.19863158150036,144.4364699811033,Point #98
220.1737825387501,134.45071597287966,Point #99
165.98757983192445,62.99268730704023,Point #100
288.5614371679152,106.45921739162652,Point #101
136.7496005606009,196.68186859085893,Point #102
200.6489743913378,27.96153400916341,Point #103
275.53881516168684,170.106395292966,Point #104
190.85031607690377,215.58965738551143,Point #105
162.55395776634094,67.2716288905728,Point #106
283.72672836161985,154.17711604387222,Point #107
170.8576746629266,63.66925552393661,Point #108
237.8403188117832,198.445201878314,Point #109
223.65574651604544,80.80234167314399,Point #110
282.3288107053427,102.16010376704338,Point #111
90.3263136369214,48.43120893383002,Point #112
208.88572440333527,86.6529666608177,Point #113
164.9932328604872,149.2485924089899,Point #114
180.4941863534104,61.62118387481229,Point #115
152.5971871825489,144.93499008751718,Point #116
195.4535271704968,77.72485130153188,Point #117
147.5700682001042,149.00674727312116,Point #118
165.38976730702913,156.8473813566005,Point #119
88.1258896746701,128.06890015186673,Point #120
230.80711541912063,92.936171741044,Point #121
164.89806655272582,23.949030601739537,Point #122
238.49841352715416,32.322698654641044,Point #123
151.9101475440932,85.67423724501651,Point #124
143.96217223808816,145.45401688994332,Point #125
91.47724437469618,134.996057929487,Point #126
101.24777196963473,171.85372501314384,Point #127
93.50763222347094,67.92693882420463,Point #128
180.5434422978621,209.9495637337208,Point #129
123.75705570536302,40.23000568937141,Point #130
279.29194826158016,155.8500980552007,Point #131
228.7411515734721,143.21981402210906,Point #132
135.14461857313685,205.4094920503524,Point #133
148.2743353181781,204.71612330386387,Point #134
219.71891156091635,74.254818636768,Point #135
97.63427136768928,57.61656891204399,Point #136
185.5013565115118,74.10730993835841,Point #137
248.35416096597007,194.6201383585868,Point #138
272.9439907653231,74.06198692747887,Point #139
216.3264512310702,151.93331191339132,Point #140
194.4544925673281,69.90349376237992,Point #141
235.1777068258073,37.82636693451326,Point #142
100.44175872753752,162.79070096897078,Point #143
110.5917556685648,183.9871042872973,Point #144
165.28300786204426,74.1960950646191,Point #145
109.05753815407328,63.49357929594692,Point #146
131.6255931757595,37.252826348330245,Point #147
90.9731522513005,124.48135770110662,Point #148
143.1053559960435,198.7484131097669,Point #149
199.4854062414679,74.90688907472224,Point #150
163.82705455165234,75.92081663798513,Point #151
222.2199808137608,164.07139086864896,Point #152
89.41858670109292,70.56155431606811,Point #153
91.36413007327296,76.16359530536238,Point #154
220.6794035984857,173.0108404269282,Point #155
285.9336431555355,151.9306181255564,Point #156
209.4137433729708,209.0730689944195,Point #157
171.41832393577775,69.45894762701579,Point #158
219.70640945214373,134.29570809145048,Point #159
203.1456007263932,84.02380549078549,Point #160
207.89648275118307,207.68858957588395,Point #161
120.03257447174946,198.2037526204137,Point #162
184.526689482922,69.03685531813039,Point #163
158.9930217693272,160.28912738630635,Point #164
229.21678759991383,137.65418177422868,Point #165
227.82748237131185,87.74175271806678,Point #166
129.45422538668433,44.38352829501912,Point #167
163.50165316468826,215.2351356185036,Point #168
135.60174108190276,88.66650508140555,Point #169
228.8765661168144,136.58207721797032,Point #170
152.39023650123437,140.88740554515851,Point #171
138.27772910508102,204.4751758040865,Point #172
144.74877303455546,96.17792173584944,Point #173
98.04263266664002,71.15883462718313,Point #174
280.822244935052,144.82425887210667,Point #175
165.0448077363954,159.5753159734831,Point #176
150.98993488053148,89.26560895974382,Point #177
244.2202939860601,41.32744073653288,Point #178
162.4493563963989,80.68724144735063,Point #179
235.62739967735465,102.8022749209524,Point #180
142.51121945055436,152.02432964583636,Point #181
143.0430574511749,95.50034228559464,Point #182
216.12035850924173,147.2594597681798,Point #183
155.90316648454564,158.4026928198153,Point #184
262.1930229650798,188.562100319842,Point #185
218.5162021809052,97.3537863874726,Point #186
210.5508977321145,79.71777556775959,Point #187
160.96209161129647,67.84876795447212,Point #188
214.860011976466,26.44799273666206,Point #189
153.81994437663093,204.6470620580388,Point #190
162.46174611992348,90.88984401837592,Point #191
287.034508234913,94.65417394386368,Point #192
146.2281488745349,143.7866835729107,Point #193
215.6947981525533,72.43449750378443,Point #194
116.12113338638416,182.7361825418037,Point #195
141.0645351000276,208.00314443026,Point #196
169.49456801980838,77.64323038207618,Point #197
137.4709682093911,200.38415768939336,Point #198
142.78751117095902,199.33896908032227,Point #199
162.44459080958998,31.232008158769872,Point #200
228.9737017103997,97.5272636510976,Point #201
151.7139020022832,83.504183712452,Point #202
207.3835045287084,167.4309071031568,Point #203
266.6063273530037,51.90066546248647,Point #204
190.87110691452688,72.21349639705335,Point #205
291.19872325414184,120.59076917247052,Point #206
130.25056431873668,194.5625880639928,Point #207
147.1219280520391,80.8864714898532,Point #208
229.32530684283728,91.23256190518862,Point #209
280.63518384262824,123.62476836557892,Point #210
95.89730914783416,134.105361528946,Point #211
246.35316589473555,44.47664839485873,Point #212
192.20400444251533,28.39772272803713,Point #213
119.50080480513289,197.5077096744107,Point #214
90.89883559315436,136.63354833366526,Point #215
258.37602790400365,57.927947022981925,Point #216
289.85184525048186,148.3261014499052,Point #217
285.337926943675,138.04099936873098,Point #218
97.28001858528992,83.3385291395108,Point #219
168.27846604977609,77.55096922887105,Point #220
218.4503468323056,165.72325680300372,Point #221
200.7597840856862,214.84280324145945,Point #222
224.6796288141975,91.77238997896684,Point #223
153.47371840657,201.2656551986512,Point #224
226.2142474084897,91.72922503259429,Point #225
192.8894590793556,68.51713055662879,Point #226
146.67646471372106,204.6415369753985,Point #227
208.60357440134527,77.25652115174438,Point #228
228.8215392606353,202.43166915828127,Point #229
84.25965957139707,108.76169406959434,Point #230
269.7233393802927,89.48977931368393,Point #231
276.52929083380275,69.11702197585038,Point #232
164.03220889903508,141.07885161415413,Point #233
202.67603771922668,208.11370549784,Point #234
175.8878900628616,68.2991105820754,Point #235
158.51372775817154,157.38382997615437,Point #236
196.1478569291619,23.17502184914224,Point #237
221.9433057270248,78.31632769074531,Point #238
95.70924535557047,145.88545800102497,Point #239
137.6972424518729,200.16095377454195,Point #240
104.57448676722922,63.65696461004944,Point #241
287.0007963986846,137.75986360732622,Point #242
131.81553802042546,37.06814178877431,Point #243
166.0006223576837,208.6512148232191,Point #244
86.1174290039511,132.39567251156802,Point #245
120.34316967548664,198.79680965094144,Point #246
231.34953868416343,153.57319900289536,Point #247
179.49529127730565,78.30087973307752,Point #248
289.5940304968784,122.8133469503552,Point #249
255.71059019887235,185.3818343720836,Point #250
169.97153311868198,67.26833217853613,Point #251
155.23466292630624,160.38175320516416,Point #252
223.17527894402625,91.92853191530008,Point #253
215.66249667859657,25.07938001359128,Point #254
231.66304110410096,138.1555304174192,Point #255
177.20961153846588,61.37439555401448,Point #256
173.57146372140377,75.3723643124896,Point #257
218.2421087842809,86.84917645311452,Point #258
170.87039928096186,75.04809185578779,Point #259
226.6833246981735,163.99960283077542,Point #260
102.88218361256212,68.63019915857217,Point #261
158.08228851997083,77.69327633035181,Point #262
139.04447682653617,40.43996438080632,Point #263
257.918957480575,188.0992585545172,Point #264
181.7423702248106,63.56977764960283,Point #265
168.53238347719275,147.62117197094136,Point #266
171.84956501881052,28.082241809391405,Point #267
159.77117995340464,4.943901944448726,Point #268
144.15160831128935,202.1651605057297,Point #269
160.75884432432665,75.47722109675522,Point #270
289.1576184677439,116.22949373208206,Point #271
143.33448169514247,156.74395448360286,Point #272
84.76949477335029,136.52400142736838,Point #273
176.57262155584976,25.457276389986987,Point #274
289.918249144034,137.06124572250434,Point #275
153.33884663345478,148.39280863365525,Point #276
175.84290153307236,73.35283264153799,Point #277
98.86717271651536,172.00383305916796,Point #278
174.93107660431576,219.41027549977235,Point #279
222.55549515539107,143.24470145882373,Point #280
268.5270152361961,61.608588164025264,Point #281
290.1043424954562,144.8197609086708,Point #282
228.65673535578284,135.72788750020993,Point #283
221.74575444620223,93.5836670257106,Point #284
86.17221170203142,127.6206780462868,Point #285
142.62275770641216,229.58576289334064,Point #286
146.4121362447164,33.16948616824794,Point #287
188.2185594827792,72.51645328903584,Point #288
218.76065308428457,137.00592356299933,Point #289
106.45896926618497,50.71578572998931,Point #290
188.33390259699183,63.71465747390789,Point #291
85.84828225019292,135.21755058630868,Point #292
198.1060072810129,25.093173574901527,Point #293
260.6500906612101,190.300095167726,Point #294
103.39538346946976,174.22466127875248,Point #295
145.86662232453878,210.0287753881829,Point #296
151.92795711515436,85.51866542849314,Point #297
207.2335727570528,73.38989667062839,Point #298
165.54199192973735,68.62065706791998,Point #299
232.85752557514144,160.1499723398622,Point #300
154.1060609103297,74.22060245347387,Point #301
160.7681928681021,152.95123639169998,Point #302
147.23672853347472,133.57258729662055,Point #303
134.57371163822265,96.08062125220329,Point #304
161.14731084737522,144.12544313613716,Point #305
158.77108821427743,82.23895206736967,Point #306
210.9106906393982,74.90803595997858,Point #307
84.13506245730167,101.360113693168,Point #308
226.2500007359251,161.16048761314948,Point #309
162.7283526499642,151.13856684407506,Point #310
212.0919032764009,78.5454999179471,Point #311
159.2762892236282,196.7840534188802,Point #312
100.76402223480014,56.46934454893528,Point #313
189.03235509983693,62.80631690752705,Point #314
186.965808370509,71.62805610315041,Point #315
196.8212526343004,75.81031495887169,Point #316
286.0053548184744,99.7582103768309,Point #317
229.40509025159287,91.5913224511304,Point #318
188.3956728176507,69.41445147045664,Point #319
113.02739607179544,49.101436155298245,Point #320
223.50785179905228,81.19640674108769,Point #321
154.64897070896885,206.3538360950249,Point #322
227.2854396109195,161.38924454333716,Point #323
100.60712530616388,169.29768672855613,Point #324
227.0724336449753,138.84832757999072,Point #325
228.3180383364478,93.3558003215208,Point #326
213.2587621942544,78.62391043832099,Point #327
185.25502212541383,75.34383927662458,Point #328
95.0951987576033,159.49278525760462,Point #329
225.87707785107293,87.18793225119339,Point #330
96.23122248585076,66.98877390417692,Point #331
158.59338320137903,142.7868614489053,Point #332
151.45126066262415,158.31459487677105,Point #333
95.62489326482066,169.3678028234949,Point #334
145.3935297552354,142.8892621868987,Point #335
224.0514721847688,90.50026934367465,Point #336
94.65157388387752,99.3909223416515,Point #337
223.7031335103169,145.393943981787,Point #338
117.02689550111631,192.4341365879013,Point #339
254.92454047631955,45.37619499092148,Point #340
91.10081714452802,88.43672628392375,Point #341
192.9827522429907,69.00422280394008,Point #342
223.1435238989021,201.3954845170681,Point #343
128.80607795855997,206.4828905345181,Point #344
225.5067944044951,81.22682070235521,Point #345
198.2064545823946,82.05799168010799,Point #346
160.08619217845583,155.9836952112982,Point #347
102.0878043006779,56.7808176283092,Point #348
281.0365787941353,142.0939546552582,Point #349
121.70825516532211,198.1572868693033,Point #350
200.3663186975245,231.7874304243627,Point #351
207.03319466008136,80.89999380277561,Point #352
227.9853982121845,165.04887234063943,Point #353
287.5932341747274,115.44954616919506,Point #354
215.28724316478787,137.3207908671023,Point #355
243.01349968607,41.70731847034813,Point #356
196.00371419187127,212.3327766035792,Point #357
95.0557470920482,60.567112866950026,Point #358
89.55515672775454,69.07052239262526,Point #359
214.005936271116,148.8931316259998,Point #360
161.6350660298803,157.69304956060688,Point #361
208.1996577773349,66.72724862614871,Point #362
141.44591042973067,145.24725556434066,Point #363
91.18151006223236,128.22310880841945,Point #364
281.88597099983326,120.88047349732238,Point #365
104.13693238134134,64.2942601482909,Point #366
206.13191723058247,210.27639265611447,Point #367
238.4984878322888,201.68604444688543,Point #368
106.6263065740801,186.16447690798748,Point #369
269.5374836586356,160.82160403113647,Point #370
169.23215259859882,73.51791135172539,Point #371
289.3056421458517,88.6052129274513,Point #372
149.35292452376302,82.1317745915091,Point #373
117.40112499684156,190.64199799042285,Point #374
83.87231097554911,129.43047347960402,Point #375
291.2448568021359,148.70695874551473,Point #376
173.36120067442943,68.61986424787528,Point #377
206.32196545196243,71.88893838967073,Point #378
196.25847212904964,71.45991716370025,Point #379
205.91618716217755,73.70702650314797,Point #380
164.5278191107957,210.3487445846208,Point #381
286.1097046644582,121.13403500923891,Point #382
90.31093290449668,69.4831886722821,Point #383
87.02599014367863,131.1941005272331,Point #384
208.0539595050468,211.08916991298872,Point #385
89.96945393171798,143.37120207627896,Point #386
158.8966294310679,165.56871771651424,Point #387
212.7626335924143,86.0866134976688,Point #388
137.5376585157854,35.10143918722554,Point #389
216.8733291528079,82.92659774491506,Point #390
177.30050718621075,210.2199391189452,Point #391
103.58287899859089,185.16876905103223,Point #392
173.10823021367287,71.35215451010947,Point #393
160.80284367742158,141.8035525560132,Point #394
95.4331857362306,94.55185274589952,Point #395
218.99085564701488,136.3683177789963,Point #396
130.5156873793861,30.21737993883864,Point #397
290.4111671841799,96.74704175529844,Point #398
284.51828797024405,155.20481549316628,Point #399
154.3167713641468,130.4949686609378,Point #400
190.1958273920241,77.73825813736642,Point #401
87.55853665737963,95.50430728479688,Point #402
162.58836777669396,135.9944815821848,Point #403
152.581066502759,201.5610344946472,Point #404
230.39583752563493,203.18377168665893,Point #405
114.27850277325427,41.58598341826854,Point #406
227.12666624470992,210.89661705891308,Point #407
212.88059271426457,206.22295731972304,Point #408
284.95154065707027,143.29663697390708,Point #409
214.7746411062901,79.2752064002168,Point #410
163.53674802206865,144.15692970710091,Point #411
165.65879693519346,152.5016624840569,Point #412
260.4011188250766,52.65614710158678,Point #413
128.77212544419177,40.14838343669032,Point #414
182.7370334367308,70.44590205580499,Point #415
209.2245315532636,207.6453182916241,Point #416
223.08327990983537,35.838916545819814,Point #417
288.61430552892045,107.7472716352682,Point #418
232.433843647218,196.58570935261736,Point #419
95.76167245701576,178.72995937491555,Point #420
207.3763614528763,24.206860084521395,Point #421
133.04239448121402,201.75937676219428,Point #422
200.6718378765717,27.83176086400607,Point #423
136.78016563939102,92.6562839799854,Point #424
147.58406816170535,139.72922950577492,Point #425
232.0269252451453,204.11294301469889,Point #426
106.0587090639768,52.464315971165206,Point #427
174.49911731265146,213.09013937723125,Point #428
210.34011923498792,85.2989279595339,Point #429
170.2465330915344,62.54932983535417,Point #430
222.92457105126863,25.511241860677103,Point #431
147.8236002039875,138.9685096639992,Point #432
227.9038314916623,199.3949617287269,Point #433
293.3841227198001,135.53324365378512,Point #434
154.2720861730307,166.0446153822504,Point #435
89.48774077970022,166.16207568111895,Point #436
93.57118886541328,77.94256539501242,Point #437
119.625964537225,191.8689274398108,Point #438
227.0918838359092,86.62318316672145,Point #439
133.87098569644013,227.11858778540005,Point #440
179.7341949960314,71.6591985771903,Point #441
126.45421439225652,44.66416570201761,Point #442
136.6236682892774,41.04381745052802,Point #443
214.54447464154163,82.13634840306003,Point #444
93.1783943802994,134.3787783117134,Point #445
186.89420162340969,67.64104177672141,Point #446
230.0192067479372,37.1511848109115,Point #447
156.1763641203317,167.59102156059384,Point #448
123.10087919925564,43.15053391025532,Point #449
262.26961878867365,181.11477094728053,Point #450
208.7695999842525,201.8762911623645,Point #451
223.10153149823068,26.18765273492386,Point #452
185.73056531827785,67.45033930164237,Point #453
232.6611888053725,160.461405903634,Point #454
152.52464019203677,154.2545743906544,Point #455
227.42724059873163,204.3752491294368,Point #456
196.31643517863927,212.4772529087053,Point #457
97.8168291740336,145.0164281405714,Point #458
132.48210255093431,174.40631221703472,Point #459
162.09393982551944,152.82882054944918,Point #460
198.7014999440788,63.73947802517591,Point #461
229.2324595062964,99.2960639839796,Point #462
147.32499756371436,155.2622966133045,Point #463
144.79175557781426,85.3903256860304,Point #464
249.9873658472181,196.8894871124036,Point #465
229.49682072740205,85.24078078789017,Point #466
104.38571256451672,49.02475446502911,Point #467
160.10008177801382,61.433516996189496,Point #468
113.47132208157944,53.49781844133531,Point #469
157.76514619519716,26.526728609889176,Point #470
107.3262094705278,187.776185685694,Point #471
137.79306417687232,86.76301228471442,Point #472
257.8277680233245,193.2552811183129,Point #473
241.87095527345784,36.81794935459448,Point #474
148.95438544164864,206.1029876500828,Point #475
148.87805541990517,22.092006232850903,Point #476
289.2882717098755,131.29836627429813,Point #477
158.35036963989322,215.0342744186348,Point #478
93.1076480084651,80.9532008935779,Point #479
233.06710705118584,94.70903481732358,Point #480
223.41183165095265,24.18380177214749,Point #481
224.49346001082333,138.36819854724553,Point #482
149.46835344292322,33.3733682397384,Point #483
188.8096731764101,216.57765401405567,Point #484
159.08540924857093,134.6147083532539,Point #485
149.8154649006633,208.3588428800423,Point #486
223.893511673042,150.08297848556492,Point #487
227.9269390159293,152.10912848061866,Point #488
203.3307401681514,206.3177695961392,Point #489
94.6060620747627,98.8310003336955,Point #490
162.57895582392726,206.99716735715,Point #491
93.40886501696588,112.00246410774378,Point #492
201.68029274025804,214.5650083420258,Point #493
87.15964365294475,73.5676471776506,Point #494
99.1472101179738,154.44605328926897,Point #495
115.61893777168451,194.1802678736678,Point #496
168.22677445015688,75.22960636579194,Point #497
84.33810771913296,160.25143757226732,Point #498
108.22655703307892,51.32203639616898,Point #499
285.3134150234617,130.67364049724318,Point #500
272.7601725395522,60.21640245581898,Point #501
170.93893399811213,70.8707207470303,Point #502
238.87297467584887,203.0074290114112,Point #503
206.29290850147896,75.565732299596,Point #504
135.0517535642315,44.00453091106061,Point #505
169.52449950031098,70.61104714218237,Point #506
128.77460913676384,37.406668488544994,Point #507
149.31090565935048,162.80163511109765,Point #508
143.37812043887388,160.3246288446686,Point #509
238.5352420264004,207.0699237056572,Point #510
153.8678189202705,83.32161819929058,Point #511
145.00214374245704,84.70298489203492,Point #512
108.63219855796603,59.31469585302693,Point #513
229.4791087915472,29.912825129654152,Point #514
93.79135535716236,154.18943673842557,Point #515
231.841355218878,154.87864530964117,Point #516
220.12743337062568,162.56368193189854,Point #517
243.35132221525512,200.6227402494148,Point #518
95.26983528059108,165.2955785024737,Point #519
147.91429332970364,94.77124146523528,Point #520
96.75748730348052,178.0838104113244,Point #521
236.19882598067647,92.84359579356794,Point #522
209.8811242557101,21.081060278449115,Point #523
281.48554011458134,143.163246447978,Point #524
95.23137887437076,106.5391006328544,Point #525
207.9853440035453,29.13781700636946,Point #526
218.9484362440112,27.58982712734337,Point #527
255.70975893247265,51.18939015344682,Point #528
216.5687341019887,85.85550121037369,Point #529
215.1454537348941,81.44025538414849,Point #530
232.91542552578235,27.51128899210932,Point #531
214.8872881010477,77.55689195699944,Point #532
140.22663715845178,92.40675019144658,Point #533
167.6565679035895,78.64088188789282,Point #534
127.36742997706013,205.7864418574069,Point #535
214.1928132368521,143.0388909489019,Point #536
143.38169247813838,211.6123899062068,Point #537
269.22124907502763,168.46372697800058,Point #538
261.2714688382162,170.94112354670034,Point #539
155.14948309715467,241.81584575224792,Point #540
159.82987243913445,136.30068537759718,Point #541
241.4018623350812,202.62073177900737,Point #542
246.2005955378864,203.01320084531483,Point #543
99.23475305342826,167.611209540095,Point #544
187.34326447342733,76.2150629762437,Point #545
145.53536704968892,150.46321843164435,Point #546
287.7199376530942,92.05058555095394,Point #547
217.88490278065785,139.9166393543896,Point #548
157.0382850810772,66.99505672296135,Point #549
153.55200907829632,156.03937979495896,Point #550
120.88551986877594,48.74382433462711,Point #551
231.1850622300736,88.12761840133322,Point #552
164.26368724693154,22.818041287171923,Point #553
272.6605664627608,163.3531828874394,Point #554
150.58640417929118,25.09319414120557,Point #555
253.23142596679136,197.54461305290303,Point #556
210.0270239356292,85.79229229855144,Point #557
278.8220899294786,73.1173114520048,Point #558
285.4602206136434,143.81476508525157,Point #559
208.59318794749143,76.53704436370487,Point #560
284.4982242765025,86.16593682205985,Point #561
225.65558286409825,99.04323980486112,Point #562
158.03050132897013,75.31934979038505,Point #563
228.13844895084,134.229326479826,Point #564
167.25249655023686,142.80560471827766,Point #565
199.1308683093561,78.4657723964691,Point #566
161.98342418072895,146.11983823414153,Point #567
102.37652729072944,171.4128953990346,Point #568
183.8357162838697,220.2644277218078,Point #569
108.19907082321802,47.39517421435357,Point #570
228.76499782059324,93.9188458439225,Point #571
107.40542384982167,172.31009559825958,Point #572
182.52539085411905,218.02703935720825,Point #573
117.05903369272713,49.71280027227709,Point #574
259.1509867315314,43.92603898562362,Point #575
93.77789625806192,80.10510047408104,Point #576
94.08772163713236,83.87128522012421,Point #577
101.80695120070294,174.9376314052783,Point #578
132.90198717856163,202.5483541064865,Point #579
265.64554820130746,55.23767846402478,Point #580
158.05796573709162,131.50496518813634,Point #581
143.0929467493978,15.709449488878022,Point #582
183.85313540143792,19.284108894028293,Point #583
186.07452383376847,215.1467075771777,Point #584
225.59328727084224,95.42686476810007,Point #585
144.042643898592,201.31519387411905,Point #586
195.78727661977013,16.131032745674418,Point #587
239.21077426211613,199.714968892895,Point #588
273.0800615451718,159.16426733533763,Point #589
103.0387676503132,32.81115947600313,Point #590
97.59088958978673,143.07448764461077,Point #591
136.07767685210797,38.71140446799399,Point #592
124.59921360352028,37.20268615767952,Point #593
276.6162587770305,76.21956109061892,Point #594
233.04795079868003,155.90825361245936,Point #595
223.8216546438829,93.21068248261815,Point #596
157.75455989101184,73.67996112453255,Point #597
233.37732094627592,139.96072825251815,Point #598
213.0207950045996,71.75311697656247,Point #599
165.1514043824746,145.55262776166478,Point #600
131.4407100297054,115.94398106652956,Point #601
232.11141212133592,94.37400474689332,Point #602
162.10508493408332,153.58973620832847,Point #603
230.87397411313435,161.16240050235297,Point #604
235.5404533539993,87.43621208746441,Point #605
266.71212056517294,174.01818091829216,Point #606
127.54806523526268,34.774451399525674,Point #607
151.12605545299132,205.65487660070573,Point #608
228.95933398969453,163.47434282054735,Point #609
209.7229365232351,82.31610032625957,Point #610
96.0839224567981,77.40083250009349,Point #611
293.4781746950238,130.8305755418259,Point #612
139.8017116182969,84.31942750791598,Point #613
124.1582189380251,197.2509133215933,Point #614
189.5832403362926,68.75610713654157,Point #615
164.1094839649817,64.4638813468249,Point #616
207.80143877230665,67.43916093944313,Point #617
143.67234999876806,164.84081370385633,Point #618
114.25532281535529,42.3772889044609,Point #619
231.84047747606297,89.90073305083456,Point #620
88.69126073903597,99.0551992072442,Point #621
97.4161499710574,167.4550596156801,Point #622
142.34671468793377,151.7882719057439,Point #623
117.29246290783622,38.03788206192087,Point #624
140.34120800250167,200.6097933753804,Point #625
275.13602023228,165.5150521520726,Point #626
183.5554300451684,76.69030025347678,Point #627
228.8267716589569,144.9105783697127,Point #628
287.3772393241714,157.9161656579642,Point #629
195.5302711658777,218.9496253170305,Point #630
213.6467267192709,79.15967089410037,Point #631
291.8640637508884,139.35753654424354,Point #632
152.32431378608084,213.8702356858115,Point #633
257.8189839613955,50.954083078716224,Point #634
123.82118461388475,44.31653496520784,Point #635
176.70037940536935,27.952185343126985,Point #636
139.55941136765065,36.27721239932578,Point #637
154.99671193108762,81.88824695680842,Point #638
271.1155003443446,61.17720264398281,Point #639
85.53765254594217,128.7179690282257,Point #640
141.08447033406068,210.1311572171914,Point #641
284.0413516068594,98.57071933086638,Point #642
284.9732080145924,112.39276042750691,Point #643
289.1472441694188,128.04392708743376,Point #644
140.6177811764362,211.0689835579587,Point #645
230.7241829692162,158.8288236108619,Point #646
101.49867202269223,68.44964469300913,Point #647
254.23488424550945,46.83648994562242,Point #648
113.25170014232754,189.5005588423217,Point #649
106.97543977353432,180.6926265794565,Point #650
199.5413536931964,74.6455859869098,Point #651
225.32003964854167,31.165562950404023,Point #652
129.4394306002213,101.2526220849254,Point #653
156.98714665618235,163.5180030862947,Point #654
225.1921041969607,168.97404348824898,Point #655
130.08619186898815,42.72267724809848,Point #656
111.87348459032802,56.0389640656137,Point #657
276.4820662468196,77.91348835888789,Point #658
85.84335324182236,133.3286822923924,Point #659
224.7768917650355,138.820647220186,Point #660
159.38552557802169,61.74513295913079,Point #661
94.57863467599152,154.27449193037478,Point #662
126.78434418601388,203.41308723050167,Point #663
116.54102264872652,195.1518117122555,Point #664
167.90888302779675,25.93787528090837,Point #665
159.7078982146068,163.002428601642,Point #666
213.56154248608405,155.56626903377003,Point #667
215.5819428552033,94.66486383704478,Point #668
96.422863746579,74.12298756510148,Point #669
240.80274844114788,141.80681575940406,Point #670
99.46222971578322,72.32736048702782,Point #671
159.9933894501918,145.19551984666202,Point #672
91.59752224168942,78.7392872919375,Point #673
90.81758045443752,106.87978118149914,Point #674
230.84988218776863,143.07199547038005,Point #675
175.69530654016347,22.868429013248203,Point #676
228.523858510256,170.32617662310645,Point #677
145.08122471701446,28.052919013224653,Point #678
209.183284976584,202.5145833236405,Point #679
206.73405936323712,22.889638496952216,Point #680
149.84797617540076,145.17161331780596,Point #681
197.6683653094412,70.64694661919799,Point #682
266.81410113839405,51.65744102928522,Point #683
105.2141323282772,176.6288771088074,Point #684
189.9725693359127,64.31296753053732,Point #685
156.711178404091,160.7917781410527,Point #686
160.26221209626937,155.0728587289039,Point #687
148.9695086194353,142.78548304393314,Point #688
149.09247109061215,29.674416475009707,Point #689
95.41603599123044,161.96075993906857,Point #690
223.8799137406025,160.2202038276688,Point #691
169.21180624315875,147.1409289717272,Point #692
284.90135443815194,114.35242583037729,Point #693
149.69928399633486,80.10063972260934,Point #694
162.4251789258223,156.17051019452202,Point #695
276.056598462082,72.99583658370625,Point #696
175.93316366059514,219.17462236579303,Point #697
101.79889458926726,70.65943790572749,Point #698
225.97870849703463,203.49249935124067,Point #699
222.02983064337857,77.4808019245408,Point #700
230.89967986356223,93.43507256887688,Point #701
209.89929462068983,72.13740512941791,Point #702
159.12175809145933,131.79562513490737,Point #703
169.83449476053792,28.038268023672003,Point #704
287.6384149493143,103.24820877790518,Point #705
99.33391687478638,70.27997854982891,Point #706
115.05954737343176,195.6015083810027,Point #707
118.56587815624968,194.6445641457385,Point #708
123.23257041912667,199.0710279016644,Point #709
214.251626949914,164.59774084863176,Point #710
88.97582241579846,100.5994797705734,Point #711
288.46102675346964,126.69095963027884,Point #712
195.87085801273724,22.466623849762243,Point #713
288.90985231839005,102.9293696961616,Point #714
228.21467643857068,199.11589259858363,Point #715
147.00371606422598,206.8615446215091,Point #716
233.10753046597128,101.0538110436728,Point #717
280.5214827435991,150.83759373727412,Point #718
219.2903881210584,138.06768582310468,Point #719
139.0100018007251,199.3624111562553,Point #720
253.24873420989428,40.64635819774065,Point #721
224.6101674650401,97.69244984916855,Point #722
99.00730535488285,57.20800703695181,Point #723
220.1939585943672,88.3097718923396,Point #724
186.57478779717025,54.75368030979297,Point #725
99.61170995030952,29.351158894007824,Point #726
241.056300856387,196.4784306548705,Point #727
160.26296158625564,147.81169728164332,Point #728
197.5868623795228,68.32163906516558,Point #729
246.57391952883364,195.1224453534183,Point #730
226.9394909983725,156.98422684969142,Point #731
231.01560539363624,161.48207043076462,Point #732
183.5344114278466,23.435362794231537,Point #733
146.70857498506882,32.459693941745684,Point #734
250.21708673776712,195.4978819775669,Point #735
110.09250114063026,183.444483390984,Point #736
254.8242570118706,65.38211625762972,Point #737
154.33789766469525,159.57479164344448,Point #738
162.43313983535788,219.4420963436729,Point #739
136.02961181187476,203.16175071689943,Point #740
161.3743806686988,73.22008433352948,Point #741
136.42894204551922,33.26835241179049,Point #742
187.9654673715952,64.89453946964238,Point #743
222.5925532098792,141.95931393565706,Point #744
163.42784642679868,71.66860561886944,Point #745
106.72136650790628,43.96247011511895,Point #746
157.7828659296384,140.3788946644711,Point #747
115.89329957788708,40.75078511000908,Point #748
229.9541784873492,93.14223697336104,Point #749
257.8178775897338,176.5116949749143,Point #750
295.800836776905,104.3773759810411,Point #751
89.69601725160027,155.88500890334117,Point #752
290.0441957978136,124.6023500974136,Point #753
178.3290806023905,20.216552843159945,Point #754
136.24715637132044,38.73980494496391,Point #755
237.24744812394908,97.67672990337792,Point #756
241.97250094513893,202.30173510482632,Point #757
205.51185205673832,82.89017110251592,Point #758
223.2602552664032,144.48463941987637,Point #759
208.60805185630068,72.45676479627309,Point #760
287.3923395132339,135.17129185285984,Point #761
203.11020868017707,23.27326570810652,Point #762
193.51924708648937,77.93128275459412,Point #763
166.8231909541971,137.8518679609819,Point #764
129.98766520314064,84.24309764691287,Point #765
248.54757314117592,194.3411989081339,Point #766
103.24121866339132,173.55055797469117,Point #767
214.55871554866184,157.60980893002505,Point #768
141.6824861280875,35.8993026920711,Point #769
263.97544388361973,181.78165460188723,Point #770
287.2740089393436,146.25210636683494,Point #771
150.0016088784169,79.6027820349176,Point #772
283.5640495475808,160.88130877072757,Point #773
297.4067779307747,150.31276346116005,Point #774
286.9918997859488,108.3997104063767,Point #775
218.942633387958,77.60285531898649,Point #776
138.68174548397874,203.4356237260928,Point #777
121.87286824929286,45.56974039763122,Point #778
157.60809679666144,137.88646510769638,Point #779
227.8176312514512,133.00191109362538,Point #780
142.61762442784558,134.94024750982146,Point #781
226.94421974716167,204.3903864141365,Point #782
276.64841262251235,88.17057833487672,Point #783
258.72111860881097,178.62369606824325,Point #784
135.1924301996817,97.63111605773004,Point #785
225.28684675624925,142.15330943785494,Point #786
185.18120242025907,66.28531018438002,Point #787
93.45676550261577,87.99558023035024,Point #788
228.1220487065208,92.17750944489433,Point #789
220.42804499577528,141.84811102019398,Point #790
194.9971895244044,18.977921432909,Point #791
231.53044489001843,143.15274914242332,Point #792
123.04015158804876,24.852019621925933,Point #793
165.74179903532965,214.5343059797692,Point #794
126.9283424080026,201.25706565196,Point #795
289.27217838038507,141.09352559401907,Point #796
118.86697901980652,42.5911421477262,Point #797
179.44215189523516,78.68210118964282,Point #798
215.5472059876039,158.79288769901092,Point #799
255.664888616818,189.2876208350662,Point #800
96.07724311480182,138.4527477964196,Point #801
215.7433045608493,91.7947618418803,Point #802
84.59141494802995,105.37299967708378,Point #803
228.7462464671376,95.38464711404492,Point #804
204.334913069285,70.36212481044214,Point #805
178.4421245519887,217.9176786371069,Point #806
242.5472810074444,201.9842712721229,Point #807
105.49680713633724,58.96040411550001,Point #808
157.67937646654565,20.693575875386102,Point #809
215.35103333776223,158.6240701510378,Point #810
143.98250126068191,35.588557090722134,Point #811
262.01261458374466,177.16473351460678,Point #812
166.51688055825753,147.57058426762637,Point #813
122.73745785851298,201.1315689200281,Point #814
207.48313050129408,21.81015565802932,Point #815
278.93915284293496,79.28879865314786,Point #816
177.06059520446098,209.0457468586808,Point #817
158.50219328389235,142.7350697890057,Point #818
224.7153711297041,88.90250904956861,Point #819
146.0166276082915,159.57805165563497,Point #820
132.56763818317495,32.691531983482776,Point #821
218.74371929771905,158.56119125766998,Point #822
235.0930290056031,139.03317874775843,Point #823
247.8853416430917,42.51426224556673,Point #824
229.37070413744297,24.930554092034413,Point #825
272.3687564257591,67.5957926545625,Point #826
135.22428328833718,86.89284954418025,Point #827
169.19351996073655,29.087893999027813,Point #828
224.4582881089937,165.5698445477983,Point #829
256.38238722649106,183.7333970345325,Point #830
109.37731666839518,47.678143308783376,Point #831
92.76676826048336,156.18895932847963,Point #832
154.7366663972598,143.41065139545373,Point #833
153.0745671331869,26.255417456553573,Point #834
95.68555351032548,158.7498703738405,Point #835
139.77144959887104,84.27631396483599,Point #836
245.2672187678048,191.502217147584,Point #837
184.9161493760027,26.887792118511925,Point #838
221.896470794248,92.7877174870473,Point #839
227.6353064336767,150.2558350094306,Point #840
87.34887831086324,150.05617663433517,Point #841
232.2748529161038,96.5204754905559,Point #842
222.2764148582593,136.96790424860728,Point #843
193.4932344658908,208.16460355162,Point #844
151.91532907561472,155.39518777537864,Point #845
150.8172286432617,201.58601842440777,Point #846
161.4535156578913,144.22726654074654,Point #847
188.1482410993208,70.4003385489471,Point #848
290.0253774228423,103.94938812324068,Point #849
107.48284122153372,182.3937336981124,Point #850
152.6507655528093,143.6194219583735,Point #851
99.20128585554698,157.0481543010864,Point #852
180.72089088922704,68.0247604575427,Point #853
287.87424429229,115.36664505488278,Point #854
165.20104342927186,146.94067418825318,Point #855
223.6317037398576,163.6702308792655,Point #856
150.31898403660867,83.49273554191882,Point #857
134.74044256822995,205.61213936487428,Point #858
92.41256318569975,86.36746455607158,Point #859
202.8250363096316,72.47735053323709,Point #860
99.26880800903164,67.47910744302737,Point #861
188.86019151948884,77.58841831567253,Point #862
225.22550878309272,138.80464884298658,Point #863
234.45742901560484,153.8240891901994,Point #864
269.55815618377324,59.29259061639851,Point #865
161.96427683055796,29.81766324380783,Point #866
183.04364051476367,73.76514510587447,Point #867
141.7023357837203,82.8102358784052,Point #868
156.46403952056568,80.73578049617248,Point #869
221.0735319815988,166.74913010145582,Point #870
97.1634270634074,84.22768732633688,Point #871
263.2601938709757,174.27554978838702,Point #872
181.8224716239395,28.278814880870414,Point #873
231.6611636735861,161.91048962937214,Point #874
281.76253279759266,113.23005658434522,Point #875
191.63603434996537,19.932350839344338,Point #876
109.75711410454537,184.9926768502246,Point #877
135.470658055538,206.9910960974392,Point #878
119.15849158524854,190.62293683613416,Point #879
159.2909635430539,143.21730159474873,Point #880
223.47025229723704,29.871250309494087,Point #881
181.1481560649082,63.51863380848442,Point #882
85.11754774180709,84.55916025227219,Point #883
287.78759763065614,150.70938065638205,Point #884
87.24969577269742,97.3146562516547,Point #885
148.80021578684773,152.6708950176336,Point #886
220.32574810998267,149.20513893536207,Point #887
166.41921727834887,26.20697390638201,Point #888
288.42114954454365,102.02705590818528,Point #889
247.1955277837971,198.08977266467707,Point #890
216.22124435874977,145.05632969830998,Point #891
162.8577209696725,77.75402796844543,Point #892
155.74547252353477,160.331783038075,Point #893
229.5355654092767,83.46695782795803,Point #894
152.97370497124905,157.12244210825293,Point #895
175.73366736168197,71.35435079806103,Point #896
99.7512515586562,73.97212186754103,Point #897
222.13364216872083,26.23016035762112,Point #898
212.1021031115219,76.84680496683654,Point #899
216.7994983866076,77.05588381614706,Point #900
250.40548438954323,188.0354553639417,Point #901
164.0057621095832,64.50604077833572,Point #902
142.26213729690943,91.94196784717104,Point #903
113.84770250075168,56.40326270271839,Point #904
221.39134567482984,160.48795445495517,Point #905
260.9605837297529,44.01748042313358,Point #906
145.80830909715093,138.95648298485838,Point #907
155.33694827895891,136.7819137488105,Point #908
88.97776662698104,152.35565443884894,Point #909
215.0081049433567,88.96073180607777,Point #910
86.6857786867973,116.739206596484,Point #911
98.52131218572882,193.0029988014782,Point #912
234.63986203534395,146.08707397852828,Point #913
259.7409757475331,54.626506697270486,Point #914
152.3974808480629,82.66207377490127,Point #915
235.92546496163783,156.82406792304488,Point #916
254.78222095663847,43.57642348661739,Point #917
284.69497613154294,107.84307663494496,Point #918
216.4998496033327,95.5556618686452,Point #919
262.90911899886896,98.1973149443278,Point #920
162.65821496529395,160.97968932116078,Point #921
161.5171772248009,65.33789342206512,Point #922
255.09840193306067,49.1681755606665,Point #923
171.20787768082891,74.7154850674039,Point #924
285.55342092440503,101.56664635381044,Point #925
200.79933033618377,26.412409967424026,Point #926
230.9091907141069,153.3192246472151,Point #927
147.26937620772924,81.77600669212131,Point #928
151.94337472231285,83.94709614665675,Point #929
154.30391414987184,24.980349691946685,Point #930
213.2928927049517,81.54051174019958,Point #931
140.5362898530431,91.9586794709992,Point #932
210.9645062416924,71.39439893250915,Point #933
178.676720706618,20.61305323745597,Point #934
237.2840032006709,96.59835769332642,Point #935
200.0208555477966,68.39870375586753,Point #936
195.93871560586447,78.81301528105251,Point #937
163.31086209224506,159.4122122234303,Point #938
179.71656859263263,69.01795545872409,Point #939
164.1206303141171,69.0365256447937,Point #940
151.17523566287358,34.12029524657379,Point #941
183.8159596706706,27.094987869828344,Point #942
91.92601177920314,100.72321130395471,Point #943
236.5509876558135,144.52707306461565,Point #944
195.4608182802312,76.13878498411913,Point #945
185.0997408512545,71.85120433370759,Point #946
228.92426374348355,86.94455787328798,Point #947
142.3887121740303,144.1161297489016,Point #948
156.42943084158708,65.7591717029012,Point #949
141.77848342470008,204.9922396110809,Point #950
186.02264268626547,27.065833387729185,Point #951
227.7959161200917,158.33549696170277,Point #952
146.55946573175115,139.03909071858834,Point #953
217.304361061139,87.86376396136001,Point #954
289.4809196058431,95.3754219401514,Point #955
265.5451613879732,178.73065195451898,Point #956
224.88432763702056,138.58729963856888,Point #957
162.49215969461807,142.78759839018448,Point #958
205.03957248149567,71.87268369808282,Point #959
226.7575573952572,201.4115750560668,Point #960
108.10854338217965,20.008399458027498,Point #961
84.72164936092067,136.0750379516815,Point #962
142.94761186908033,88.79494938458191,Point #963
130.84551518725073,82.39045312069152,Point #964
166.19052574599263,151.89230583743716,Point #965
283.8605667997804,103.39855518669624,Point #966
254.69295103790608,194.9537358162354,Point #967
136.79107098998526,90.50660756373958,Point #968
189.4186920223541,67.05122810641802,Point #969
132.76068575168924,40.90459839566682,Point #970
142.32075672288718,32.458738829292486,Point #971
284.36674563851983,117.12256040247632,Point #972
219.44910400583188,85.32602236875175,Point #973
90.77574357674148,116.74133702164568,Point #974
206.41342007197872,22.071540974521668,Point #975
189.8474532165162,66.56331390030385,Point #976
131.59669524445042,35.092981841180745,Point #977
284.66491469571685,97.40705884591569,Point #978
124.78748346581088,201.6890302969298,Point #979
270.1284084274175,175.57538481832302,Point #980
111.97144752007536,156.15327971879674,Point #981
223.6048260843643,206.56503242381348,Point #982
231.3227185363588,135.59488959119744,Point #983
202.2547575582016,82.1906539944195,Point #984
164.15852132999575,81.82792523839834,Point #985
290.86430073599473,94.85282317799954,Point #986
288.6946723725222,93.8992266482673,Point #987
115.26323598521353,92.73631516138248,Point #988
181.80832017746604,67.66785854696451,Point #989
149.71627395398056,160.22266784208335,Point #990
225.60761066735068,152.67303360402758,Point #991
155.2534474512147,132.5839005024061,Point #992
149.0717739469229,138.9667469666922,Point #993
214.3251932170905,80.7006395619124,Point #994
221.5824000190736,155.24324345343922,Point #995
186.57931100526469,69.5518616712298,Point #996
141.56245779256062,154.02236627726188,Point #997
103.11340535106568,176.4260351892329,Point #998
153.46999887228876,151.0239241872918,Point #999
278.2083001138996,76.70959162516897,Point #1000
119.7715239471286,191.0051958730819,Point #1001
93.8066489043852,83.48835660049474,Point #1002
152.081311912889,214.4698440358776,Point #1003
289.7166121616197,144.34932312938565,Point #1004
165.39284921339845,144.1035124661937,Point #1005
231.5061916364595,28.30563436769262,Point #1006
222.0997514534405,149.41978610276374,Point #1007
216.3887442308332,160.73504680052048,Point #1008
290.54606158641,118.80374428771734,Point #1009
220.9807552116003,24.29317769283358,Point #1010
162.5833151812787,157.010414354107,Point #1011
232.85411426909616,93.01344537727022,Point #1012
97.43935691483392,177.51545865242565,Point #1013
214.14267851197567,71.00068880438488,Point #1014
178.73982002891188,78.12016903159798,Point #1015
221.0378152167036,90.03856140128482,Point #1016
232.52528381687927,136.1030317365953,Point #1017
207.0486248103772,215.06718503632487,Point #1018
262.67855623585075,171.76800424817606,Point #1019
142.78046613904297,203.916838242294,Point #1020
136.8387623026689,207.20034619376867,Point #1021
104.16443785476508,177.01383249592732,Point #1022
281.8336673026361,73.15041175709871,Point #1023
90.08443560493502,153.89394532137248,Point #1024
279.2471194687288,101.31457792970104,Point #1025
277.96075144030885,91.1696102654754,Point #1026
232.62696850283496,28.55922394724541,Point #1027
168.35523893528384,157.35737622003938,Point #1028
85.08011986531292,142.83720564409737,Point #1029
262.5545016393107,190.4249303741783,Point #1030
216.3819707765377,83.8534455615885,Point #1031
231.72176941320785,168.78904638334996,Point #1032
156.97914235608954,158.14078255863635,Point #1033
251.4907387363448,202.2939844883152,Point #1034
166.80868423069688,75.09035880967303,Point #1035
224.01923902147325,133.3305744581441,Point #1036
158.8437517449436,145.16283333895592,Point #1037
249.57805249597527,191.9078346330354,Point #1038
151.2331638701782,158.49045187112517,Point #1039
218.20285217621367,208.22645655999264,Point #1040
190.95167891986875,73.19371506256488,Point #1041
86.01687002236909,135.2335228106332,Point #1042
293.4734496920785,123.67064143881612,Point #1043
254.701288044298,43.63508290938489,Point #1044
293.11199181247963,121.30233784412286,Point #1045
259.8102098629097,190.928085507915,Point #1046
197.65499995299191,79.53160348530099,Point #1047
88.89150198327066,134.28051792449145,Point #1048
162.22737022484273,75.64560046940272,Point #1049
147.2368444017402,140.23875128097086,Point #1050
159.48264711734524,154.52073891726548,Point #1051
190.25387375516704,67.04114210301651,Point #1052
124.91385607140587,35.180762025102524,Point #1053
272.2246962255296,60.97422414052278,Point #1054
141.95430287498544,142.19942903592624,Point #1055
165.87064169765864,71.49563157289697,Point #1056
255.75852740791143,52.67624734313023,Point #1057
215.0546829414372,157.310354612447,Point #1058
153.59621389398205,162.2041933078038,Point #1059
145.83165071849874,89.18306786526063,Point #1060
161.41469237790434,212.41612636865176,Point #1061
150.6033555143445,145.84004122425569,Point #1062
169.05423581451376,68.77735820078323,Point #1063
160.8971706112458,77.23037629612872,Point #1064
166.0748598281326,214.3957419754957,Point #1065
175.91926195354216,15.934076882608736,Point #1066
139.8592760970969,30.64902988194092,Point #1067
236.9833565868672,146.0125907071245,Point #1068
230.3445850081624,30.174815194292307,Point #1069
285.5753478819639,129.5405888627535,Point #1070
238.8755704388727,95.95377699511825,Point #1071
237.5955242421548,92.9187233860481,Point #1072
199.0081176964123,16.913056419212126,Point #1073
265.528684813034,51.27230407812198,Point #1074
229.6755867603606,140.50685590884,Point #1075
137.36910817277797,210.37599779590056,Point #1076
93.7696236316916,96.65034112379578,Point #1077
147.7732835493466,34.60866302473522,Point #1078
268.016945942144,176.28299463123597,Point #1079
166.66970617553233,65.61296817025175,Point #1080
141.97901359599123,97.45389770749358,Point #1081
149.2899614116246,26.276617833732303,Point #1082
148.86836991082438,200.6208533166636,Point #1083
214.90705484816263,87.8298519538377,Point #1084
171.73384352694586,6.358833544706613,Point #1085
154.14236024967738,152.88828239171465,Point #1086
165.91076917424027,67.46047915066839,Point #1087
221.11199524833225,154.0826131589884,Point #1088
202.78389693757828,213.2144680322918,Point #1089
156.07679747752738,28.58720210685499,Point #1090
206.4535848888656,25.103068704476986,Point #1091
283.6685789946708,149.0309579565347,Point #1092
119.81096035629191,217.80697758372503,Point #1093
304.17541977728087,105.16716269111856,Point #1094
225.75519321924816,149.9194686012923,Point #1095
147.67348838473816,163.21197122183918,Point #1096
283.14467836438865,163.46751787585794,Point #1097
199.1073963754665,67.36064941050847,Point #1098
220.99808616889788,133.3068435439136,Point #1099
283.3922818530222,83.27500642275692,Point #1100
211.1897227227149,215.75407624748223,Point #1101
93.71783083171522,148.13542032167362,Point #1102
142.30605004152386,87.64952117953288,Point #1103
258.8136840538506,183.39098825942847,Point #1104
270.8212928148861,71.39713493858159,Point #1105
195.9192899576404,211.6392439807864,Point #1106
98.96228708624224,162.30221052040298,Point #1107
230.92078283231973,86.23011419432294,Point #1108
178.35549968073144,215.7381101860588,Point #1109
233.41520319645736,89.42796117404248,Point #1110
174.72179790451554,77.0591593278017,Point #1111
276.45195693374137,69.70401710529057,Point #1112
264.9571643888915,59.60992554338287,Point #1113
218.47801025309155,212.3322371898847,Point #1114
276.54257751009067,159.5878901032453,Point #1115
275.7349975865558,161.22480967797873,Point #1116
220.596341400327,200.59515387194463,Point #1117
88.1025498684299,96.58300560416808,Point #1118
146.52569573152005,90.20543551724931,Point #1119
117.01305912664264,188.71964345572823,Point #1120
159.8119127953769,218.2975856891348,Point #1121
218.9256182493192,91.89807232216113,Point #1122
150.01088215524533,157.2312400643043,Point #1123
83.86624784774706,107.5989605381326,Point #1124
204.73349902799103,57.40235873484932,Point #1125
149.973599018732,160.13584667874642,Point #1126
187.58568810876773,16.285851134650784,Point #1127
272.85233508244403,173.50275372967258,Point #1128
241.0562479059152,41.31065676542153,Point #1129
201.957709113512,73.76011143851025,Point #1130
272.0578138651961,58.14384471797922,Point #1131
121.1145836513572,194.8912457391364,Point #1132
247.14118258418856,42.625351604201455,Point #1133
85.76809748474184,98.32100825512958,Point #1134
149.49268889537797,208.3215704177429,Point #1135
162.29206357115945,74.4655748588205,Point #1136
191.49229517194743,16.210192041196592,Point #1137
190.69227954236416,210.06609617448103,Point #1138
156.56178141744934,140.67164015548713,Point #1139
171.34730082268018,206.57519271666047,Point #1140
183.8740547069553,217.9804527138054,Point #1141
165.170797258997,141.92840894999546,Point #1142
203.1650502594512,210.9477172574813,Point #1143
153.17516880944123,85.19954165331029,Point #1144
146.21295576627347,209.74666131365387,Point #1145
184.7027307164802,77.50653555953471,Point #1146
218.3354653242148,84.5072688072267,Point #1147
190.077774756768,213.6468993793604,Point #1148
98.36524994471856,171.66158737453316,Point #1149
283.8158407426244,72.46193805817569,Point #1150
226.6921603105776,85.1484428290459,Point #1151
145.54695504650695,77.20464453433999,Point #1152
125.51993347525442,192.9278799374378,Point #1153
187.83450312194924,76.48611588401246,Point #1154
217.08743358297167,89.70987914457783,Point #1155
192.36538726910285,64.08545345025681,Point #1156
142.15657562051103,146.51011753617553,Point #1157
156.99025999648288,133.77706915379355,Point #1158
95.67675749269873,59.40993016731545,Point #1159
198.5996374973463,219.3777345612924,Point #1160
102.77076755988948,68.08161486241448,Point #1161
167.41439133266323,148.01267225696068,Point #1162
157.14101451499764,77.21943447926242,Point #1163
156.3234192320091,203.7750090532464,Point #1164
221.8859632086192,168.81128876224386,Point #1165
152.9049811753505,130.12163775158774,Point #1166
246.8358294739581,33.754122265739454,Point #1167
163.06044026669113,70.11352351664408,Point #1168
108.86368559680504,58.44193388945058,Point #1169
188.1430904170145,68.66734581796732,Point #1170
266.14369044681644,45.9686333972918,Point #1171
92.80121894124956,123.63035139152504,Point #1172
283.1086804964364,149.50671998089297,Point #1173
163.10062458714714,64.23312174559072,Point #1174
152.49825364609856,134.07661573775317,Point #1175
208.92130682407745,74.76985337990686,Point #1176
216.6297704856908,22.78271150178938,Point #1177
160.36719187815288,77.30506411177879,Point #1178
149.78906161369966,200.8640759779001,Point #1179
135.96904704526196,195.15219457913705,Point #1180
281.8435853883781,127.4580914580963,Point #1181
93.25340934975095,123.48833340610798,Point #1182
137.07588225838518,83.30091643466602,Point #1183
279.8054474830196,86.79965195550824,Point #1184
160.1215221848096,79.91784305356225,Point #1185
229.21727044947093,91.79008587586064,Point #1186
187.608344348509,218.5050781221624,Point #1187
141.89789709252315,90.4111918069932,Point #1188
288.0414633920877,148.8644809437468,Point #1189
87.72784707077551,119.15523434118684,Point #1190
147.203923892313,87.52332530604139,Point #1191
154.96500956459994,158.76336075212205,Point #1192
141.78589162906505,92.53035138499176,Point #1193
275.1705364717973,72.86071358421788,Point #1194
118.23066545918525,37.67175820543014,Point #1195
233.6818961951762,98.26243132751416,Point #1196
174.50201205707677,28.717127653033685,Point #1197
285.54351607299463,115.02610800495398,Point #1198
274.3317637453185,57.34479711374087,Point #1199
178.43749239384238,72.36366567632399,Point #1200
226.0481385449628,86.70329627040695,Point #1201
252.16195171100784,183.9265813212515,Point #1202
281.68743649718914,140.26827016631626,Point #1203
152.8567043557006,163.9249615483485,Point #1204
233.8268822082103,153.5365313243891,Point #1205
141.623415065591,84.38744916265864,Point #1206
152.04599564160364,209.3409275136516,Point #1207
288.9320719125771,90.31203089977164,Point #1208
149.28457008688767,157.12661338266315,Point #1209
159.63429441378793,147.4977431747576,Point #1210
227.1993930390487,25.531671059413043,Point #1211
146.16953282044437,201.1097131368722,Point #1212
170.53976100507336,20.053193816466944,Point #1213
145.34969248955022,25.95632878506632,Point #1214
142.29836884407288,85.53585911505871,Point #1215
212.51460139712057,84.28033111201268,Point #1216
105.8651995464428,57.0438626985528,Point #1217
230.40617508580672,24.683197049661203,Point #1218
153.04026889584566,78.02628746317993,Point #1219
232.88306467894787,204.75930254224227,Point #1220
273.5864590653907,155.5042615934853,Point #1221
165.11026661703033,71.57163014587343,Point #1222
235.65130515584843,161.974340740068,Point #1223
99.28060645214408,63.061653750233575,Point #1224
101.06090492484137,65.81536646903749,Point #1225
159.30188520680647,29.932872022019296,Point #1226
174.60959633036396,215.02145501063345,Point #1227
288.8035595302566,130.4274665394941,Point #1228
284.9657718654032,140.52756976700636,Point #1229
224.92186050054195,142.4557764835816,Point #1230
282.6276516834677,72.76525958008955,Point #1231
223.9024082422819,92.75464483564554,Point #1232
241.69178602560248,196.7256414754072,Point #1233
224.8603609288565,150.75500349723114,Point #1234
193.70459335373687,72.84663910876151,Point #1235
254.55523132864883,196.02241158367275,Point #1236
219.6061114798584,143.13233423023215,Point #1237
129.83274614106884,201.4989715219299,Point #1238
188.28590639119392,65.57102361514546,Point #1239
252.4222119857744,36.03622730881801,Point #1240
81.13537253111258,45.65170551109833,Point #1241
146.756016137941,200.3826139496649,Point #1242
220.7158422917665,92.0054321908368,Point #1243
235.037082945839,88.6274613219332,Point #1244
112.08511766046983,41.36494558469758,Point #1245
228.53215065647424,33.6924756475799,Point #1246
116.63080540601048,44.91821380911824,Point #1247
186.0801771546972,71.0548554249321,Point #1248
145.03466278304668,203.3992546548526,Point #1249
272.99398140375547,160.8052379430627,Point #1250
160.8348542501356,149.08273177910064,Point #1251
196.7236027346568,72.59357461356126,Point #1252
162.39717627803466,159.69707833775732,Point #1253
175.578121485481,209.9301413914825,Point #1254
180.6244718125172,215.8226083472256,Point #1255
90.86420902096056,89.1280067987592,Point #1256
111.74783499199496,181.14678652901893,Point #1257
225.0201345555577,165.70402579257535,Point #1258
214.73850685438327,204.33013489061216,Point #1259
183.17662807709968,18.475512100907626,Point #1260
219.1127650146322,89.01377024684803,Point #1261
182.85972157636635,77.88229697691264,Point #1262
163.3141586705789,207.5474002705624,Point #1263
228.95346724280915,154.94465921289571,Point #1264
92.45091534324908,142.23258824950608,Point #1265
87.35515007622078,92.49419804817352,Point #1266
95.43520517756951,142.58615079544228,Point #1267
167.55519308954413,70.6065370873726,Point #1268
195.4106186072372,66.919043425717,Point #1269
227.11621222966664,96.82566301261876,Point #1270
204.01010068033227,29.357967990792588,Point #1271
96.09349723567512,171.56167546588853,Point #1272
